Simple elegant logo for Digital Art,D A lines Asymmetrical,successful vibe,minimalist,thought-provoking,abstract,recognizable,black and white
Simple elegant logo for DA,D A lines Asymmetrical,successful vibe,minimalist,thought-provoking,abstract,recognizable,black and white
Simple elegant logo for Digital Art,D A lines Symmetrical,successful vibe,minimalist,thought-provoking,abstract,recognizable,black and white
Simple elegant logo for DA,D A lines Symmetrical,successful vibe,minimalist,thought-provoking,abstract,recognizable,black and white
Simple elegant logo for Digital Art,D A lines,successful vibe,minimalist,thought-provoking,abstract,recognizable,black and white
Simple elegant logo for DA,D A lines,successful vibe,minimalist,thought-provoking,abstract,recognizable,black and white
Simple elegant logo for Digital Art,D A circles Asymmetrical,successful vibe,minimalist,thought-provoking,abstract,recognizable,black and white
Simple elegant logo for DA,D A circles Asymmetrical,successful vibe,minimalist,thought-provoking,abstract,recognizable,black and white
Simple elegant logo for Digital Art,D A circles Symmetrical,successful vibe,minimalist,thought-provoking,abstract,recognizable,black and white
Simple elegant logo for DA,D A circles Symmetrical,successful vibe,minimalist,thought-provoking,abstract,recognizable,black and white
Simple elegant logo for Digital Art,D A circles,successful vibe,minimalist,thought-provoking,abstract,recognizable,black and white
Simple elegant logo for DA,D A circles,successful vibe,minimalist,thought-provoking,abstract,recognizable,black and white
Simple elegant logo for Digital Art,D A triangles Asymmetrical,successful vibe,minimalist,thought-provoking,abstract,recognizable,black and white
Simple elegant logo for DA,D A triangles Asymmetrical,successful vibe,minimalist,thought-provoking,abstract,recognizable,black and white
Simple elegant logo for Digital Art,D A triangles Symmetrical,successful vibe,minimalist,thought-provoking,abstract,recognizable,black and white
Simple elegant logo for DA,D A triangles Symmetrical,successful vibe,minimalist,thought-provoking,abstract,recognizable,black and white
Simple elegant logo for Digital Art,D A triangles,successful vibe,minimalist,thought-provoking,abstract,recognizable,black and white
Simple elegant logo for DA,D A triangles,successful vibe,minimalist,thought-provoking,abstract,recognizable,black and white
Simple elegant logo for Digital Art,D A dot Asymmetrical,successful vibe,minimalist,thought-provoking,abstract,recognizable,black and white
Simple elegant logo for DA,D A dot Asymmetrical,successful vibe,minimalist,thought-provoking,abstract,recognizable,black and white
Simple elegant logo for Digital Art,D A dot Symmetrical,successful vibe,minimalist,thought-provoking,abstract,recognizable,black and white
Simple elegant logo for DA,D A dot Symmetrical,successful vibe,minimalist,thought-provoking,abstract,recognizable,black and white
Simple elegant logo for Digital Art,D A dot,successful vibe,minimalist,thought-provoking,abstract,recognizable,black and white
Simple elegant logo for DA,D A dot,successful vibe,minimalist,thought-provoking,abstract,recognizable,black and white
Simple elegant logo for Digital Art,D A crosses Asymmetrical,successful vibe,minimalist,thought-provoking,abstract,recognizable,black and white
Simple elegant logo for DA,D A crosses Asymmetrical,successful vibe,minimalist,thought-provoking,abstract,recognizable,black and white
Simple elegant logo for Digital Art,D A crosses Symmetrical,successful vibe,minimalist,thought-provoking,abstract,recognizable,black and white
Simple elegant logo for DA,D A crosses Symmetrical,successful vibe,minimalist,thought-provoking,abstract,recognizable,black and white
Simple elegant logo for Digital Art,D A crosses,successful vibe,minimalist,thought-provoking,abstract,recognizable,black and white
Simple elegant logo for DA,D A crosses,successful vibe,minimalist,thought-provoking,abstract,recognizable,black and white
Simple elegant logo for Digital Art,D A waves Asymmetrical,successful vibe,minimalist,thought-provoking,abstract,recognizable,black and white
Simple elegant logo for DA,D A waves Asymmetrical,successful vibe,minimalist,thought-provoking,abstract,recognizable,black and white
Simple elegant logo for Digital Art,D A waves Symmetrical,successful vibe,minimalist,thought-provoking,abstract,recognizable,black and white
Simple elegant logo for DA,D A waves Symmetrical,successful vibe,minimalist,thought-provoking,abstract,recognizable,black and white
Simple elegant logo for Digital Art,D A waves,successful vibe,minimalist,thought-provoking,abstract,recognizable,black and white
Simple elegant logo for DA,D A waves,successful vibe,minimalist,thought-provoking,abstract,recognizable,black and white
Simple elegant logo for Digital Art,D A square Asymmetrical,successful vibe,minimalist,thought-provoking,abstract,recognizable,black and white
Simple elegant logo for DA,D A square Asymmetrical,successful vibe,minimalist,thought-provoking,abstract,recognizable,black and white
Simple elegant logo for Digital Art,D A square Symmetrical,successful vibe,minimalist,thought-provoking,abstract,recognizable,black and white
Simple elegant logo for DA,D A square Symmetrical,successful vibe,minimalist,thought-provoking,abstract,recognizable,black and white
Simple elegant logo for Digital Art,D A square,successful vibe,minimalist,thought-provoking,abstract,recognizable,black and white
Simple elegant logo for DA,D A square,successful vibe,minimalist,thought-provoking,abstract,recognizable,black and white
Simple elegant logo for Digital Art,D A 3D Asymmetrical,successful vibe,minimalist,thought-provoking,abstract,recognizable,black and white
Simple elegant logo for DA,D A 3D Asymmetrical,successful vibe,minimalist,thought-provoking,abstract,recognizable,black and white
Simple elegant logo for Digital Art,D A 3D Symmetrical,successful vibe,minimalist,thought-provoking,abstract,recognizable,black and white
Simple elegant logo for DA,D A 3D Symmetrical,successful vibe,minimalist,thought-provoking,abstract,recognizable,black and white
Simple elegant logo for Digital Art,D A 3D,successful vibe,minimalist,thought-provoking,abstract,recognizable,black and white
Simple elegant logo for DA,D A 3D,successful vibe,minimalist,thought-provoking,abstract,recognizable,black and white
Simple elegant logo for Digital Art,D A Angled Asymmetrical,successful vibe,minimalist,thought-provoking,abstract,recognizable,black and white
Simple elegant logo for DA,D A Angled Asymmetrical,successful vibe,minimalist,thought-provoking,abstract,recognizable,black and white
Simple elegant logo for Digital Art,D A Angled Symmetrical,successful vibe,minimalist,thought-provoking,abstract,recognizable,black and white
Simple elegant logo for DA,D A Angled Symmetrical,successful vibe,minimalist,thought-provoking,abstract,recognizable,black and white
Simple elegant logo for Digital Art,D A Angled,successful vibe,minimalist,thought-provoking,abstract,recognizable,black and white
Simple elegant logo for DA,D A Angled,successful vibe,minimalist,thought-provoking,abstract,recognizable,black and white
Simple elegant logo for Digital Art,D A Arrows Asymmetrical,successful vibe,minimalist,thought-provoking,abstract,recognizable,black and white
Simple elegant logo for DA,D A Arrows Asymmetrical,successful vibe,minimalist,thought-provoking,abstract,recognizable,black and white
Simple elegant logo for Digital Art,D A Arrows Symmetrical,successful vibe,minimalist,thought-provoking,abstract,recognizable,black and white
Simple elegant logo for DA,D A Arrows Symmetrical,successful vibe,minimalist,thought-provoking,abstract,recognizable,black and white
Simple elegant logo for Digital Art,D A Arrows,successful vibe,minimalist,thought-provoking,abstract,recognizable,black and white
Simple elegant logo for DA,D A Arrows,successful vibe,minimalist,thought-provoking,abstract,recognizable,black and white
Simple elegant logo for Digital Art,D A cube Asymmetrical,successful vibe,minimalist,thought-provoking,abstract,recognizable,black and white
Simple elegant logo for DA,D A cube Asymmetrical,successful vibe,minimalist,thought-provoking,abstract,recognizable,black and white
Simple elegant logo for Digital Art,D A cube Symmetrical,successful vibe,minimalist,thought-provoking,abstract,recognizable,black and white
Simple elegant logo for DA,D A cube Symmetrical,successful vibe,minimalist,thought-provoking,abstract,recognizable,black and white
Simple elegant logo for Digital Art,D A cube,successful vibe,minimalist,thought-provoking,abstract,recognizable,black and white
Simple elegant logo for DA,D A cube,successful vibe,minimalist,thought-provoking,abstract,recognizable,black and white
Simple elegant logo for Digital Art,D A Diamond Asymmetrical,successful vibe,minimalist,thought-provoking,abstract,recognizable,black and white
Simple elegant logo for DA,D A Diamond Asymmetrical,successful vibe,minimalist,thought-provoking,abstract,recognizable,black and white
Simple elegant logo for Digital Art,D A Diamond Symmetrical,successful vibe,minimalist,thought-provoking,abstract,recognizable,black and white
Simple elegant logo for DA,D A Diamond Symmetrical,successful vibe,minimalist,thought-provoking,abstract,recognizable,black and white
Simple elegant logo for Digital Art,D A Diamond,successful vibe,minimalist,thought-provoking,abstract,recognizable,black and white
Simple elegant logo for DA,D A Diamond,successful vibe,minimalist,thought-provoking,abstract,recognizable,black and white
Simple elegant logo for Digital Art,D A Hexagon Asymmetrical,successful vibe,minimalist,thought-provoking,abstract,recognizable,black and white
Simple elegant logo for DA,D A Hexagon Asymmetrical,successful vibe,minimalist,thought-provoking,abstract,recognizable,black and white
Simple elegant logo for Digital Art,D A Hexagon Symmetrical,successful vibe,minimalist,thought-provoking,abstract,recognizable,black and white
Simple elegant logo for DA,D A Hexagon Symmetrical,successful vibe,minimalist,thought-provoking,abstract,recognizable,black and white
Simple elegant logo for Digital Art,D A Hexagon,successful vibe,minimalist,thought-provoking,abstract,recognizable,black and white
Simple elegant logo for DA,D A Hexagon,successful vibe,minimalist,thought-provoking,abstract,recognizable,black and white
Simple elegant logo for Digital Art,D A Loops Asymmetrical,successful vibe,minimalist,thought-provoking,abstract,recognizable,black and white
Simple elegant logo for DA,D A Loops Asymmetrical,successful vibe,minimalist,thought-provoking,abstract,recognizable,black and white
Simple elegant logo for Digital Art,D A Loops Symmetrical,successful vibe,minimalist,thought-provoking,abstract,recognizable,black and white
Simple elegant logo for DA,D A Loops Symmetrical,successful vibe,minimalist,thought-provoking,abstract,recognizable,black and white
Simple elegant logo for Digital Art,D A Loops,successful vibe,minimalist,thought-provoking,abstract,recognizable,black and white
Simple elegant logo for DA,D A Loops,successful vibe,minimalist,thought-provoking,abstract,recognizable,black and white
Simple elegant logo for Digital Art,D A outline Asymmetrical,successful vibe,minimalist,thought-provoking,abstract,recognizable,black and white
Simple elegant logo for DA,D A outline Asymmetrical,successful vibe,minimalist,thought-provoking,abstract,recognizable,black and white
Simple elegant logo for Digital Art,D A outline Symmetrical,successful vibe,minimalist,thought-provoking,abstract,recognizable,black and white
Simple elegant logo for DA,D A outline Symmetrical,successful vibe,minimalist,thought-provoking,abstract,recognizable,black and white
Simple elegant logo for Digital Art,D A outline,successful vibe,minimalist,thought-provoking,abstract,recognizable,black and white
Simple elegant logo for DA,D A outline,successful vibe,minimalist,thought-provoking,abstract,recognizable,black and white
Simple elegant logo for Digital Art,D A ovals Asymmetrical,successful vibe,minimalist,thought-provoking,abstract,recognizable,black and white
Simple elegant logo for DA,D A ovals Asymmetrical,successful vibe,minimalist,thought-provoking,abstract,recognizable,black and white
Simple elegant logo for Digital Art,D A ovals Symmetrical,successful vibe,minimalist,thought-provoking,abstract,recognizable,black and white
Simple elegant logo for DA,D A ovals Symmetrical,successful vibe,minimalist,thought-provoking,abstract,recognizable,black and white
Simple elegant logo for Digital Art,D A ovals,successful vibe,minimalist,thought-provoking,abstract,recognizable,black and white
Simple elegant logo for DA,D A ovals,successful vibe,minimalist,thought-provoking,abstract,recognizable,black and white
Simple elegant logo for Digital Art,D A rectangle Asymmetrical,successful vibe,minimalist,thought-provoking,abstract,recognizable,black and white
Simple elegant logo for DA,D A rectangle Asymmetrical,successful vibe,minimalist,thought-provoking,abstract,recognizable,black and white
Simple elegant logo for Digital Art,D A rectangle Symmetrical,successful vibe,minimalist,thought-provoking,abstract,recognizable,black and white
Simple elegant logo for DA,D A rectangle Symmetrical,successful vibe,minimalist,thought-provoking,abstract,recognizable,black and white
Simple elegant logo for Digital Art,D A rectangle,successful vibe,minimalist,thought-provoking,abstract,recognizable,black and white
Simple elegant logo for DA,D A rectangle,successful vibe,minimalist,thought-provoking,abstract,recognizable,black and white
Simple elegant logo for Digital Art,D A reflection Asymmetrical,successful vibe,minimalist,thought-provoking,abstract,recognizable,black and white
Simple elegant logo for DA,D A reflection Asymmetrical,successful vibe,minimalist,thought-provoking,abstract,recognizable,black and white
Simple elegant logo for Digital Art,D A reflection Symmetrical,successful vibe,minimalist,thought-provoking,abstract,recognizable,black and white
Simple elegant logo for DA,D A reflection Symmetrical,successful vibe,minimalist,thought-provoking,abstract,recognizable,black and white
Simple elegant logo for Digital Art,D A reflection,successful vibe,minimalist,thought-provoking,abstract,recognizable,black and white
Simple elegant logo for DA,D A reflection,successful vibe,minimalist,thought-provoking,abstract,recognizable,black and white
Simple elegant logo for Digital Art,D A rings Asymmetrical,successful vibe,minimalist,thought-provoking,abstract,recognizable,black and white
Simple elegant logo for DA,D A rings Asymmetrical,successful vibe,minimalist,thought-provoking,abstract,recognizable,black and white
Simple elegant logo for Digital Art,D A rings Symmetrical,successful vibe,minimalist,thought-provoking,abstract,recognizable,black and white
Simple elegant logo for DA,D A rings Symmetrical,successful vibe,minimalist,thought-provoking,abstract,recognizable,black and white
Simple elegant logo for Digital Art,D A rings,successful vibe,minimalist,thought-provoking,abstract,recognizable,black and white
Simple elegant logo for DA,D A rings,successful vibe,minimalist,thought-provoking,abstract,recognizable,black and white
Simple elegant logo for Digital Art,D A round Asymmetrical,successful vibe,minimalist,thought-provoking,abstract,recognizable,black and white
Simple elegant logo for DA,D A round Asymmetrical,successful vibe,minimalist,thought-provoking,abstract,recognizable,black and white
Simple elegant logo for Digital Art,D A round Symmetrical,successful vibe,minimalist,thought-provoking,abstract,recognizable,black and white
Simple elegant logo for DA,D A round Symmetrical,successful vibe,minimalist,thought-provoking,abstract,recognizable,black and white
Simple elegant logo for Digital Art,D A round,successful vibe,minimalist,thought-provoking,abstract,recognizable,black and white
Simple elegant logo for DA,D A round,successful vibe,minimalist,thought-provoking,abstract,recognizable,black and white
Simple elegant logo for Digital Art,D A semicircle Asymmetrical,successful vibe,minimalist,thought-provoking,abstract,recognizable,black and white
Simple elegant logo for DA,D A semicircle Asymmetrical,successful vibe,minimalist,thought-provoking,abstract,recognizable,black and white
Simple elegant logo for Digital Art,D A semicircle Symmetrical,successful vibe,minimalist,thought-provoking,abstract,recognizable,black and white
Simple elegant logo for DA,D A semicircle Symmetrical,successful vibe,minimalist,thought-provoking,abstract,recognizable,black and white
Simple elegant logo for Digital Art,D A semicircle,successful vibe,minimalist,thought-provoking,abstract,recognizable,black and white
Simple elegant logo for DA,D A semicircle,successful vibe,minimalist,thought-provoking,abstract,recognizable,black and white
Simple elegant logo for Digital Art,D A spiral Asymmetrical,successful vibe,minimalist,thought-provoking,abstract,recognizable,black and white
Simple elegant logo for DA,D A spiral Asymmetrical,successful vibe,minimalist,thought-provoking,abstract,recognizable,black and white
Simple elegant logo for Digital Art,D A spiral Symmetrical,successful vibe,minimalist,thought-provoking,abstract,recognizable,black and white
Simple elegant logo for DA,D A spiral Symmetrical,successful vibe,minimalist,thought-provoking,abstract,recognizable,black and white
Simple elegant logo for Digital Art,D A spiral,successful vibe,minimalist,thought-provoking,abstract,recognizable,black and white
Simple elegant logo for DA,D A spiral,successful vibe,minimalist,thought-provoking,abstract,recognizable,black and white
Simple elegant logo for Digital Art,D A woven Asymmetrical,successful vibe,minimalist,thought-provoking,abstract,recognizable,black and white
Simple elegant logo for DA,D A woven Asymmetrical,successful vibe,minimalist,thought-provoking,abstract,recognizable,black and white
Simple elegant logo for Digital Art,D A woven Symmetrical,successful vibe,minimalist,thought-provoking,abstract,recognizable,black and white
Simple elegant logo for DA,D A woven Symmetrical,successful vibe,minimalist,thought-provoking,abstract,recognizable,black and white
Simple elegant logo for Digital Art,D A woven,successful vibe,minimalist,thought-provoking,abstract,recognizable,black and white
Simple elegant logo for DA,D A woven,successful vibe,minimalist,thought-provoking,abstract,recognizable,black and white
Simple elegant logo for Digital Art,D A stars Asymmetrical,successful vibe,minimalist,thought-provoking,abstract,recognizable,black and white
Simple elegant logo for DA,D A stars Asymmetrical,successful vibe,minimalist,thought-provoking,abstract,recognizable,black and white
Simple elegant logo for Digital Art,D A stars Symmetrical,successful vibe,minimalist,thought-provoking,abstract,recognizable,black and white
Simple elegant logo for DA,D A stars Symmetrical,successful vibe,minimalist,thought-provoking,abstract,recognizable,black and white
Simple elegant logo for Digital Art,D A stars,successful vibe,minimalist,thought-provoking,abstract,recognizable,black and white
Simple elegant logo for DA,D A stars,successful vibe,minimalist,thought-provoking,abstract,recognizable,black and white
